level_0,index,ran_lat,ran_lng,Name,Country Code,Temperature (F),Humidity (%),Cloudiness (%),Wind Speed (mph),lat,lng
0,0,-69.2901780498398,139.63476835854686,hobart,au,62.01,77.0,75.0,4.7,-42.88,147.33
2,3,-46.69386840623722,-36.69748601169192,chuy,uy,50.34,72.0,0.0,14.58,-33.7,-53.46
3,4,-31.114969953994837,12.965113477733098,oranjemund,na,56.26,86.0,1.0,1.12,-28.55,16.43
4,5,64.64474837074758,-77.65717729363996,iqaluit,ca,30.2,80.0,90.0,8.05,63.75,-68.51
5,6,29.896238357644634,73.85509211607751,ganganagar,in,77.54,21.0,0.0,3.04,29.92,73.88
7,8,-84.77751160361512,42.15627584664301,port alfred,za,61.45,76.0,100.0,23.58,-33.59,26.89
8,9,42.07469333045094,-79.40802673653582,jamestown,us,52.0,61.0,75.0,13.87,42.1,-79.24
9,10,-18.908996682418945,-153.75854020719012,tevaitoa,pf,79.54,75.0,5.0,18.95,-16.78,-151.5
10,11,54.36848135315998,-165.97636790979533,bethel,us,60.8,55.0,1.0,4.7,41.37,-73.41
11,12,-44.20419734522172,-10.849380129834458,jamestown,sh,61.72,86.0,97.0,18.75,-15.94,-5.72
12,13,-79.76071140279268,24.706261819571807,bredasdorp,za,57.2,93.0,100.0,12.75,-34.53,20.04
13,14,65.99675536185603,85.10652693306156,igarka,ru,40.68,97.0,100.0,3.91,67.47,86.58
14,15,-50.21478074081317,174.30391705932885,dunedin,nz,60.89,48.0,93.0,12.97,-45.87,170.5
15,16,-17.10189935149326,80.23142128571061,hithadhoo,mv,83.32,72.0,100.0,10.69,-0.6,73.08
16,17,-33.10263521672243,-177.17167770675763,vaini,to,71.6,94.0,90.0,11.41,-21.2,-175.2
17,18,-76.2007140006395,-39.66581265539952,ushuaia,ar,37.4,59.0,75.0,5.08,-54.8,-68.3
18,19,61.78044496134683,81.29648586111165,kargasok,ru,44.74,97.0,98.0,8.52,59.06,80.86
19,20,62.809046594075056,-141.93623682183505,haines junction,ca,51.08,76.0,91.0,7.54,60.75,-137.51
20,21,84.86371645836982,-143.25477940930574,tuktoyaktuk,ca,37.4,100.0,90.0,10.29,69.45,-133.04
21,22,-20.632155408875136,161.056135871145,poum,nc,72.48,64.0,0.0,12.64,-20.23,164.02
22,23,81.80786251955973,104.24034720725439,khatanga,ru,26.11,98.0,67.0,18.88,71.97,102.5
25,27,71.47774439667617,-151.217828413585,barrow,us,35.6,93.0,90.0,21.92,71.29,-156.79
26,28,-36.35936987602272,73.83083278372956,mahebourg,mu,66.2,88.0,20.0,5.82,-20.41,57.7
27,29,-42.78513193265134,-69.2951264825817,san carlos de bariloche,ar,37.0,59.0,90.0,11.41,-41.15,-71.31
28,30,-89.07668116839776,165.7022243100895,bluff,nz,64.99,56.0,60.0,15.01,-46.6,168.33
29,31,7.776452750473069,146.61352722555637,lorengau,pg,83.89,73.0,86.0,11.23,-2.02,147.27
30,32,-4.392653938694437,-139.27353950826492,atuona,pf,78.19,73.0,5.0,20.69,-9.8,-139.03
31,33,24.547261962874074,-91.00801654615498,progreso,mx,79.0,94.0,75.0,5.82,21.28,-89.67
32,35,73.55929640959579,-56.23747898283243,upernavik,gl,31.78,89.0,100.0,8.52,72.79,-56.15
33,36,73.82755364042819,172.19519806302122,pevek,ru,33.78,84.0,94.0,2.53,69.7,170.31
34,37,4.5460207992861825,142.5149511568461,vanimo,pg,82.4,67.0,44.0,5.41,-2.67,141.3
35,39,-57.435372853577825,-6.061269695929326,cape town,za,59.0,76.0,20.0,17.22,-33.93,18.42
36,40,81.54723977761347,23.451646365788406,longyearbyen,sj,33.8,80.0,20.0,6.93,78.22,15.64
37,41,-15.848462990455445,60.38362921783394,grand gaube,mu,68.0,81.0,2.0,1.99,-20.01,57.66
38,42,65.70308170929272,-95.31702087769987,thompson,ca,41.0,75.0,75.0,3.36,55.74,-97.86
40,44,23.181443258789017,82.41018650158611,baikunthpur,in,71.17,68.0,46.0,2.51,23.25,82.55
41,45,-40.39942020318862,139.4976456940483,mount gambier,au,69.8,49.0,33.0,13.87,-37.83,140.77
42,46,71.41450855335526,-135.80954649085254,aklavik,ca,35.6,100.0,90.0,2.24,68.22,-135.01
43,47,-52.75955315819426,158.4616120173767,tuatapere,nz,64.99,56.0,63.0,15.01,-46.13,167.68
44,48,-17.20705624642663,121.35333011894261,broome,au,82.4,74.0,40.0,5.82,-17.97,122.23
45,50,42.43087467128174,5.560337542186687,sanary-sur-mer,fr,55.4,93.0,100.0,5.82,43.12,5.8
46,52,10.919370499872286,-27.055717483603587,sao filipe,cv,82.36,68.0,96.0,12.48,14.9,-24.5
47,54,40.85783855423793,87.97587269072966,korla,cn,53.74,37.0,72.0,6.13,41.76,86.15
48,56,30.626129646428737,150.14357451290584,hasaki,jp,68.0,88.0,40.0,3.36,35.73,140.83
49,57,36.84880941849745,126.92583388631601,seoul,kr,64.4,93.0,90.0,2.01,37.57,126.98
50,58,19.72077682662824,-174.26310412645452,kapaa,us,86.0,66.0,1.0,9.17,22.08,-159.32
51,62,53.232995666887945,-39.64378806806016,nanortalik,gl,38.53,91.0,100.0,11.36,60.14,-45.24
52,63,-37.74010000126381,-114.88973182367357,rikitea,pf,72.75,77.0,0.0,15.99,-23.12,-134.97
53,64,28.07330900829369,-152.52048113610346,kahului,us,93.2,52.0,40.0,11.41,20.89,-156.47
54,65,-36.06898035473553,11.163330135428254,saldanha,za,53.6,71.0,0.0,2.24,-33.01,17.94
55,67,-17.287799943515495,34.02993686475034,tete,mz,80.6,61.0,0.0,14.99,-16.16,33.59
56,69,-46.18835706942679,-25.667498591843326,arraial do cabo,br,77.16,79.0,0.0,18.75,-22.97,-42.03
57,70,15.858727678507705,-43.264595531807885,cayenne,gf,78.8,88.0,83.0,2.24,4.93,-52.33
59,73,39.62639661376011,-21.822880194192493,vila franca do campo,pt,68.0,77.0,40.0,6.93,37.72,-25.43
61,75,-71.5062998568219,34.12397624540924,port elizabeth,za,62.6,77.0,75.0,18.34,-33.92,25.57
62,77,0.6011339207007325,55.05452203199576,victoria,sc,80.6,88.0,20.0,4.7,-4.62,55.45
63,78,71.94125148613429,-71.60716552884776,clyde river,ca,28.4,86.0,90.0,10.29,70.47,-68.59
64,79,-54.25562080146349,175.20597658162376,kaitangata,nz,60.04,56.0,97.0,15.66,-46.28,169.85
65,80,17.000853627317525,-4.064985959205956,goundam,ml,93.38,34.0,50.0,12.68,16.41,-3.67
66,81,83.77354470190738,80.02969293194144,dikson,ru,35.53,83.0,100.0,24.9,73.51,80.55
67,83,-85.64964750350197,99.33479127530228,albany,au,44.6,93.0,75.0,9.17,-35.02,117.89
68,86,-78.53029770288339,-5.429306799707064,hermanus,za,57.0,91.0,100.0,3.0,-34.42,19.23
71,89,20.029966140603904,55.767457814421164,nizwa,om,78.17,27.0,0.0,2.64,22.93,57.53
72,90,66.63266586622612,-179.25840220399348,egvekinot,ru,33.64,87.0,96.0,20.98,66.32,-179.17
73,91,69.04826369530008,-5.732558866186082,klaksvik,fo,50.0,93.0,96.0,19.46,62.23,-6.59
74,92,81.77750697528691,-108.2410024441691,yellowknife,ca,48.99,81.0,40.0,10.29,62.46,-114.35
75,93,43.17548756462534,-30.53003059866961,lagoa,pt,69.24,82.0,99.0,17.05,39.05,-27.98
76,95,-11.757902204375057,9.365387324224542,benguela,ao,70.99,83.0,83.0,3.67,-12.58,13.41
77,96,69.4619091986172,66.40510742870356,kharp,ru,35.49,84.0,96.0,8.72,66.8,65.81
78,98,-10.203714948782874,136.757316024727,nhulunbuy,au,82.4,58.0,90.0,21.92,-12.23,136.77
79,99,21.048655647761123,27.824649778794765,marawi,sd,92.34,24.0,47.0,10.18,18.48,31.82
80,100,-71.39654804193219,-111.24342893929112,punta arenas,cl,41.0,56.0,40.0,17.22,-53.15,-70.92
81,101,-1.780261007568754,99.97651071942204,padang,id,76.33,75.0,100.0,4.85,-0.95,100.35
82,103,-33.90705552435286,123.4423860429867,esperance,au,48.2,100.0,90.0,10.29,-33.87,121.9
83,104,45.36714354588452,143.22074797510845,novikovo,ru,60.71,39.0,100.0,12.19,51.15,37.89
84,105,38.789835575051654,54.39474929180335,gumdag,tm,59.88,31.0,1.0,14.65,39.21,54.59
85,107,49.841166007578494,-58.27128938568326,corner brook,ca,62.6,82.0,75.0,2.24,48.97,-57.95
86,109,72.8948125139851,-51.186499208257885,ilulissat,gl,37.4,64.0,63.0,11.41,69.22,-51.1
87,110,9.40754646205265,-139.35281569029692,hilo,us,82.4,69.0,90.0,10.29,19.73,-155.09
88,111,62.08161976383411,9.579181266038773,dale,no,55.4,66.0,0.0,9.17,60.59,5.82
89,112,76.04810707914729,-66.56272833686147,narsaq,gl,35.6,93.0,75.0,8.03,60.92,-46.05
90,113,59.21303020904554,-59.86189885989435,saint-augustin,ca,52.2,94.0,15.0,3.11,51.23,-58.65
91,114,-19.04436036724927,172.07649492960957,isangel,vu,73.4,88.0,75.0,7.36,-19.55,169.27
92,115,17.673864584782805,-128.28650652080037,guerrero negro,mx,90.34,28.0,0.0,13.31,27.98,-114.06
93,116,-12.11434567855197,15.602861245560234,huambo,ao,63.14,83.0,79.0,3.22,-12.78,15.74
94,117,34.94648443445115,43.69029049944214,bayji,iq,78.04,28.0,18.0,6.53,34.93,43.49
95,118,-2.7564318713472318,113.23468513104217,sampit,id,76.15,90.0,99.0,2.59,-2.53,112.95
96,120,25.986689390486447,101.99413280529768,panzhihua,cn,69.8,80.0,80.0,1.12,26.59,101.71
98,122,44.09228259580132,88.40157203376913,urumqi,cn,44.6,45.0,82.0,4.47,43.8,87.6
99,125,-29.791981520472184,-93.89414336434672,lebu,cl,46.35,76.0,81.0,10.25,-37.62,-73.65
100,127,36.175624097994785,31.804563876525748,alanya,tr,66.2,82.0,0.0,4.7,36.54,32.0
101,128,-15.53660374799945,-80.7512446111815,pisco,pe,64.4,82.0,1.0,19.46,-13.7,-76.22
103,132,72.98117717642523,93.82774855600076,talnakh,ru,30.2,92.0,100.0,17.9,69.49,88.4
104,134,15.145349528445621,87.71112717563852,palasa,in,78.51,84.0,100.0,2.8,18.77,84.42
105,138,56.673339525111174,82.59041933450555,bakchar,ru,43.99,96.0,94.0,8.81,57.02,82.07
106,139,17.338856431835822,-18.665493445558837,saint-louis,sn,95.0,36.0,0.0,13.62,16.33,-15.0
107,142,-2.35688827822446,106.82533955902483,manggar,id,80.49,85.0,100.0,11.95,-2.88,108.27
108,143,-5.725096907413473,-112.95541357331302,puerto ayora,ec,66.99,92.0,87.0,11.99,-0.74,-90.35
109,146,1.5121677863531602,86.89682102980697,hambantota,lk,77.0,100.0,20.0,6.93,6.12,81.12
110,148,-51.3903923375554,-89.39929199265264,castro,cl,50.0,37.0,3.0,9.17,-42.47,-73.77
112,151,-26.0797553278624,3.87465908429661,walvis bay,na,53.01,81.0,0.0,1.12,-22.96,14.51
113,152,58.821313000034365,178.91561404624883,beringovskiy,ru,40.12,89.0,100.0,28.99,63.05,179.32
114,160,81.41094950011131,153.25533166110273,chokurdakh,ru,26.53,95.0,64.0,7.63,70.63,147.92
115,161,-60.10736876199057,48.41805330364559,east london,za,60.58,83.0,100.0,22.73,-33.02,27.91
116,162,-23.52864473225037,-53.47356081995275,umuarama,br,85.51,33.0,1.0,3.62,-23.77,-53.33
117,165,-8.286819369501217,112.47101071263052,kepanjen,id,73.04,87.0,87.0,2.68,-8.13,112.57
118,166,69.7123064988906,161.1493743315939,cherskiy,ru,33.78,82.0,86.0,7.94,68.75,161.3
119,167,-32.507089148585266,36.467979306968545,richards bay,za,62.92,78.0,95.0,4.43,-28.78,32.04
121,170,-2.5172056692231735,90.6484390219253,meulaboh,id,75.79,80.0,99.0,3.38,4.14,96.13
122,171,-32.16751408187763,-161.64686902121693,avarua,ck,78.8,74.0,87.0,6.93,-21.21,-159.78
124,176,-9.528997770465594,158.02835029975597,gizo,sb,83.41,70.0,61.0,9.75,-8.1,156.84
125,177,37.831463963470114,105.8803568154193,yinchuan,cn,53.92,37.0,35.0,5.61,38.47,106.27
126,178,22.69283897340759,-124.01526423396484,san quintin,mx,84.16,36.0,0.0,10.94,30.48,-115.95
129,181,29.154823359450447,108.00280261644701,longhua,cn,74.17,88.0,67.0,0.92,23.61,114.19
130,185,53.11361429992144,11.06874220002112,dannenberg,de,57.0,88.0,54.0,8.01,53.1,11.09
131,187,0.4385659757681424,116.867809912891,bontang,id,77.94,85.0,91.0,4.34,0.13,117.5
132,190,18.190699403793815,-30.6611261022704,ponta do sol,cv,80.6,74.0,20.0,33.33,17.2,-25.09
133,192,58.784112242206476,90.42702871541485,yeniseysk,ru,36.57,94.0,100.0,7.63,58.45,92.17
134,193,-30.11370687134673,130.53199043830017,flinders,au,71.01,55.0,0.0,5.99,-34.58,150.86
135,194,8.405493590986751,156.01216482866874,kavieng,pg,83.48,66.0,83.0,6.91,-2.57,150.8
136,195,59.52790883562088,155.79566448560223,omsukchan,ru,38.75,71.0,0.0,2.21,62.53,155.8
137,200,88.07461986338254,113.89045376188568,saskylakh,ru,24.69,96.0,36.0,13.91,71.92,114.08
138,203,-1.1353063448890595,47.52386856693889,mogadishu,so,77.67,83.0,5.0,12.64,2.04,45.34
139,204,-5.649019537034761,-66.93606616094706,carauari,br,82.26,60.0,80.0,1.01,-4.88,-66.9
141,207,71.77267644509794,10.086001668536966,sorland,no,52.81,78.0,5.0,16.53,67.67,12.69
144,210,34.66375154737649,-105.06243697979946,las vegas,us,98.6,4.0,1.0,5.82,36.17,-115.14
145,214,-31.177853095539163,-64.2383087230407,cordoba,ar,64.0,23.0,4.0,19.46,-31.41,-64.18
146,215,-25.957003263751375,13.593928017875186,luderitz,na,55.09,83.0,0.0,5.14,-26.65,15.16
147,216,-3.7103021834769265,-152.8225234879693,faanui,pf,78.69,77.0,27.0,18.88,-16.48,-151.75
148,217,28.616062464519075,67.21833598400877,bhag,pk,82.62,15.0,0.0,4.99,29.04,67.82
149,221,27.388752705532795,-105.14247096686555,camargo,mx,80.8,18.0,0.0,7.11,27.67,-105.17
150,222,13.888146497239475,-113.4499501655015,cabo san lucas,mx,91.99,49.0,5.0,13.87,22.89,-109.91
151,223,32.724384554734755,-55.64127166160618,saint george,bm,79.0,83.0,40.0,11.41,32.38,-64.68
152,226,-82.9846486953433,125.98275691153765,new norfolk,au,63.0,92.0,85.0,5.01,-42.78,147.06
153,228,67.96981756094263,156.48967774353736,srednekolymsk,ru,31.82,93.0,0.0,6.67,67.45,153.68
154,229,7.048293459031399,47.72470845823159,garowe,so,74.7,79.0,10.0,13.91,8.41,48.48
155,230,4.588790970063229,53.42269332399184,eyl,so,78.15,81.0,77.0,10.6,7.98,49.82
156,231,7.96072962759925,123.85938066389042,pualas,ph,79.3,82.0,55.0,1.43,8.02,123.85
157,232,2.9554160002888636,69.9959250855184,kudahuvadhoo,mv,81.52,77.0,100.0,11.18,2.67,72.89
158,234,-16.165008258028863,-58.7418149761732,san matias,bo,85.17,43.0,89.0,3.31,-16.37,-58.4
159,235,57.513925242848984,58.452148066618804,shamary,ru,48.61,96.0,77.0,5.73,57.34,58.22
160,236,59.799060785333126,150.1371762130371,arman,ru,47.8,61.0,21.0,2.84,59.7,150.17
161,239,49.55477024023915,-56.86447398610919,deer lake,ca,60.8,82.0,75.0,2.24,49.17,-57.43
162,242,14.606985281239702,-10.513730563247975,bafoulabe,ml,78.33,86.0,15.0,4.92,13.81,-10.83
163,246,71.42775602490164,126.3302330523768,tiksi,ru,26.76,94.0,98.0,26.33,71.69,128.87
164,247,10.340736088394095,-98.19977767198412,puerto escondido,mx,86.0,66.0,75.0,4.76,15.85,-97.07
165,249,13.077787958640016,48.53018832191,bosaso,so,82.94,63.0,0.0,0.76,11.28,49.18
166,250,36.54194044778747,-85.05503577339974,cookeville,us,59.0,54.0,20.0,5.66,36.16,-85.5
167,251,38.65600258642647,-39.606573909705844,ribeira grande,pt,69.22,81.0,88.0,19.62,38.52,-28.7
171,257,88.54168184784672,-74.56296168860393,qaanaaq,gl,16.61,82.0,0.0,3.6,77.48,-69.36
172,259,-16.66286376148051,65.50428933203989,quatre cocos,mu,68.0,88.0,20.0,5.82,-20.21,57.76
173,260,-11.382410547384694,-74.88039923285557,satipo,pe,81.14,50.0,72.0,2.35,-11.25,-74.64
174,261,22.241768321808536,92.31611350968512,bandarban,bd,74.34,96.0,44.0,2.19,22.2,92.23
175,264,-60.40491111502882,78.42570824020146,souillac,mu,66.2,88.0,20.0,5.82,-20.52,57.52
177,268,5.689361515871752,-31.92491499806067,touros,br,77.0,83.0,44.0,9.17,-5.2,-35.46
178,269,30.144777245148163,-131.29540014086086,pacific grove,us,93.99,61.0,0.0,3.0,36.62,-121.92
179,273,-10.107238538906955,-40.928437913235086,laje,br,75.4,36.0,35.0,7.85,-10.18,-40.97
180,276,52.79660941652199,140.4719022570713,nikolayevsk-na-amure,ru,48.7,77.0,100.0,4.63,53.14,140.73
181,280,55.96242284633047,-77.43075170861513,moose factory,ca,39.2,60.0,90.0,8.05,51.26,-80.61
182,281,67.82945087669111,-162.9961019402079,nome,us,53.6,58.0,90.0,18.34,64.5,-165.41
183,283,21.14119372526264,10.639752909968536,bilma,ne,90.73,21.0,30.0,6.78,18.69,12.92
184,284,55.76644626277471,-122.20351016850933,mackenzie,ca,57.2,76.0,1.0,3.36,55.3,-123.17
185,286,14.952695681958545,-91.72463401457323,san antonio sacatepequez,gt,66.0,91.0,96.0,2.51,14.97,-91.73
186,287,51.0302431420499,25.757335308811946,olyka,ua,55.99,98.0,99.0,8.01,50.72,25.81
189,296,-70.75974670651225,75.16179262260337,saint-philippe,re,69.8,73.0,3.0,5.82,-21.36,55.77
191,298,53.06902082361063,54.82432801570749,sharlyk,ru,49.71,77.0,0.0,2.75,52.92,54.75
192,301,-26.838107738368528,-31.235076303140232,sao joao da barra,br,75.43,83.0,0.0,19.28,-21.64,-41.05
193,302,5.134332812388124,21.1131315386082,alindao,cf,67.39,96.0,79.0,1.43,5.03,21.21
194,308,36.93966328055441,-93.89220275239208,republic,us,66.2,32.0,1.0,4.7,37.12,-93.48
195,309,-14.145638360192649,-70.76562747696347,macusani,pe,40.28,80.0,90.0,7.85,-14.08,-70.43
196,310,47.393884885114005,177.7163204361965,nikolskoye,ru,54.0,81.0,0.0,8.95,59.7,30.79
197,311,53.560475596472344,-87.77881806928087,geraldton,ca,35.6,59.0,90.0,3.04,49.73,-86.95
198,312,-34.56374425332182,-76.41173438688621,talcahuano,cl,53.6,50.0,0.0,16.11,-36.72,-73.12
199,315,36.68083588029401,58.80160541466881,neyshabur,ir,56.84,37.0,0.0,1.32,36.21,58.8
200,316,40.02941360593593,40.13232125203979,bayburt,tr,48.09,78.0,0.0,0.2,40.26,40.23
201,317,27.224316818914133,-99.32646895561273,laredo,us,89.6,27.0,1.0,5.82,27.51,-99.51
202,319,-80.6353481189538,83.06139169938274,busselton,au,42.01,77.0,0.0,8.79,-33.65,115.33
203,321,55.06975441862616,101.87702833883145,kuytun,ru,25.81,94.0,0.0,2.73,54.34,101.5
204,323,14.76981180847072,62.384672738869824,sur,om,82.78,44.0,0.0,4.0,22.57,59.53
205,325,-27.013479074214025,-77.61502364848809,coquimbo,cl,55.4,66.0,40.0,9.17,-29.95,-71.34
206,327,28.037477063266678,34.85141061410738,hurghada,eg,86.0,30.0,0.0,11.41,27.26,33.81
207,330,45.86852239935041,87.61373323359197,changji,cn,44.6,45.0,29.0,4.47,44.02,87.32
208,333,27.992391429367032,-2.744699078786283,adrar,dz,93.38,10.0,0.0,9.28,25.75,-1.0
209,335,55.892500106383864,24.318005739100073,panevezys,lt,51.8,81.0,40.0,11.41,55.73,24.35
210,336,38.88188776757423,-64.07446623981922,shelburne,ca,50.0,71.0,75.0,12.75,44.08,-80.2
211,337,48.55333484811632,-95.61159957285152,bemidji,us,48.0,42.0,40.0,3.27,47.47,-94.88
212,343,-42.92054109554135,143.1296989314245,burnie,au,62.01,67.0,61.0,8.99,-41.07,145.92
213,344,69.77117678063829,56.523292079292986,usinsk,ru,35.22,87.0,33.0,14.76,65.99,57.53
214,346,-38.127128361881844,145.93152601050764,warragul,au,81.0,39.0,0.0,1.99,-38.17,145.93
216,350,-0.9261048313351381,129.74359578093993,sorong,id,79.18,86.0,100.0,13.78,-0.88,131.25
217,352,68.68078119203619,37.78811552775008,ostrovnoy,ru,42.49,66.0,100.0,1.21,68.05,39.51
218,355,21.530192012328612,146.47303158795978,katsuura,jp,72.0,83.0,40.0,5.82,35.13,140.3
219,358,-24.48899721812691,-47.20729610208895,peruibe,br,84.43,53.0,43.0,4.63,-24.32,-47.0
220,363,22.56503439004382,176.4452235631341,butaritari,ki,80.82,71.0,0.0,12.19,3.07,172.79
221,364,57.41625647787865,157.75207402642803,tigil,ru,44.1,70.0,0.0,3.71,57.8,158.67
222,371,34.84065408464815,48.30835416897003,bahar,ir,51.3,60.0,0.0,1.39,34.91,48.44
223,372,30.59468366135458,95.26937870770075,along,in,69.87,88.0,44.0,1.45,28.17,94.77
225,379,24.662342659463476,31.63312865187615,esna,eg,84.2,39.0,0.0,10.0,25.29,32.55
226,383,-35.67177490053078,-41.93841041061293,cidreira,br,62.02,91.0,100.0,19.04,-30.18,-50.21
227,385,-27.717078814855128,-59.667773407685104,resistencia,ar,73.4,56.0,66.0,16.11,-27.46,-58.98
229,389,46.37716679192533,134.11335487706606,luchegorsk,ru,51.93,91.0,96.0,9.13,46.48,134.26
230,390,-14.495382385589721,-76.33748339743849,santiago,pe,64.0,85.0,1.0,8.99,-14.19,-75.71
231,392,12.439843796667716,-47.858745950803296,sinnamary,gf,80.06,84.0,92.0,7.58,5.38,-52.95
232,394,43.446073194998405,56.34801088024028,beyneu,kz,48.83,45.0,0.0,6.51,45.32,55.2
233,395,34.730918157531136,17.968192494171717,benghazi,ly,84.24,43.0,72.0,15.46,32.12,20.07
234,396,-22.55263105817484,-32.061259206349945,vila velha,br,81.0,83.0,1.0,18.34,-20.33,-40.29
236,401,61.680983207225296,128.9010686910836,mokhsogollokh,ru,30.74,90.0,88.0,1.19,61.47,128.92
237,402,50.058689293146045,92.59460817968619,ulaangom,mn,29.95,86.0,4.0,4.47,49.98,92.07
238,406,63.407867246900366,81.17770698826826,krasnoselkup,ru,41.56,96.0,97.0,7.87,65.7,82.47
239,408,-30.82298217787931,151.65035852095872,armidale,au,66.67,28.0,0.0,4.65,-30.52,151.65
240,409,-1.9918918708018225,-9.29382942928126,harper,lr,76.78,90.0,100.0,7.76,4.38,-7.72
241,414,-32.88195879862052,147.84170089243167,parkes,au,75.0,31.0,0.0,7.0,-33.13,148.18
242,415,49.83113765401595,154.7393964118956,severo-kurilsk,ru,49.15,79.0,7.0,12.01,50.68,156.12
244,417,56.49531183883707,-66.94029617590785,sept-iles,ca,48.0,93.0,90.0,2.24,50.2,-66.38
245,419,48.98236896127116,-97.41894941841508,altona,ca,48.2,50.0,75.0,4.7,49.1,-97.56
246,420,-24.41174179549398,45.1317088361952,ampanihy,mg,65.64,74.0,92.0,10.71,-24.7,44.75
247,424,25.90328861780155,142.3914112688214,shimoda,jp,68.0,83.0,62.0,4.25,34.67,138.95
248,425,38.887862355283204,-138.17090688563349,fortuna,us,66.2,77.0,20.0,10.29,40.6,-124.16
249,427,-32.45464477001732,154.07781376011582,port macquarie,au,72.0,70.0,12.0,1.99,-31.43,152.92
250,431,-23.50573814977281,89.86809804293944,bengkulu,id,74.17,84.0,100.0,3.33,-3.8,102.27
251,433,55.10146360187011,-171.2058380534685,provideniya,ru,42.94,89.0,99.0,12.88,64.38,-173.3
252,434,11.569922466604112,115.84160935606326,tagusao,ph,81.12,79.0,24.0,4.14,9.19,117.81
253,435,32.24849706961682,60.110739536064386,birjand,ir,53.76,41.0,0.0,3.44,32.87,59.22
254,436,60.42531588445763,-45.903307266773936,qaqortoq,gl,35.6,97.0,75.0,9.53,60.72,-46.03
255,439,3.572863024721002,-80.07771243585948,mosquera,co,60.8,67.0,75.0,9.17,4.71,-74.23
256,443,0.13905504407431124,64.0994453526967,thinadhoo,mv,83.1,74.0,91.0,13.33,0.53,72.93
257,444,-1.561394580780643,-84.11281106581474,salinas,ec,73.4,73.0,41.0,10.29,-2.22,-80.97
258,445,10.198869745614658,-72.13637952764235,villa del rosario,ve,81.27,74.0,74.0,2.64,10.32,-72.31
259,447,59.13192068391251,-20.783755920522083,vestmannaeyjar,is,42.44,69.0,10.0,9.91,63.44,-20.27
260,453,65.00327431689354,20.99738197753007,skelleftea,se,46.4,100.0,97.0,2.24,64.75,20.95
261,456,15.325140168057061,121.30920205817375,cabog,ph,80.51,80.0,97.0,2.08,15.32,121.37
262,457,8.76290654543331,-89.32384509779051,santa cruz,cr,80.6,83.0,40.0,9.17,10.26,-85.59
263,460,55.472232921669956,-124.94530554477748,fort saint james,ca,66.56,58.0,69.0,1.14,54.43,-124.25
264,461,33.65344560211169,-50.22087286612745,torbay,ca,61.0,100.0,90.0,6.64,47.67,-52.73
266,466,0.12286545611323163,23.562254283671678,basoko,cd,69.89,96.0,53.0,2.04,1.24,23.62
267,469,57.2857056334457,53.67658516112644,sharkan,ru,49.82,93.0,88.0,6.11,57.3,53.87
268,471,10.478426350357495,98.56671146783884,ranong,th,79.38,81.0,72.0,7.31,9.97,98.63
269,473,52.67421405130733,-112.96165606326798,camrose,ca,62.01,34.0,3.0,5.01,53.02,-112.84
270,476,12.673256079883913,3.3635736905959845,dosso,ne,83.05,61.0,0.0,7.29,13.05,3.19
271,477,-18.647437479668923,-45.98090096859127,lagoa formosa,br,79.0,39.0,33.0,2.19,-18.78,-46.41
272,478,13.547783785428237,-74.84478344962356,santa marta,co,84.0,68.0,99.0,1.99,11.24,-74.2
273,484,55.96918353689216,-112.37607443908917,athabasca,ca,61.14,52.0,15.0,7.43,54.72,-113.29
274,487,43.429087238236406,-11.865583852102532,muros,es,50.0,94.0,14.0,17.81,42.78,-9.06
275,488,40.73483136840366,-86.6552583607585,logansport,us,55.4,54.0,1.0,4.7,40.75,-86.36
277,496,1.273934346639507,4.528381878454979,yenagoa,ng,74.35,93.0,97.0,3.15,4.92,6.26
278,500,42.78700864628843,146.34569618050813,nemuro,jp,57.9,86.0,13.0,14.03,43.32,145.57
279,502,62.63505203923893,115.94385576582431,almaznyy,ru,60.8,67.0,40.0,17.9,48.04,40.05
280,503,-42.911423631110814,-46.990483697887385,rocha,uy,45.27,68.0,0.0,11.56,-34.48,-54.33
281,504,-9.892155792816638,-29.64129218178107,olinda,br,78.8,74.0,75.0,13.87,-8.01,-34.86
282,508,-9.993963895767124,-79.08196487512768,huarmey,pe,64.02,80.0,25.0,10.29,-10.07,-78.15
284,512,35.45196638096451,77.34620853371871,leh,in,38.59,59.0,0.0,3.06,34.17,77.58
285,513,57.91426966263677,29.987111889940678,dno,ru,52.52,81.0,100.0,6.93,57.83,29.96
286,514,6.459992775268205,92.9948435781194,sabang,id,82.44,76.0,98.0,14.05,5.89,95.32
287,517,16.712549851405313,15.714085403103013,mao,td,88.5,43.0,35.0,9.62,14.12,15.31
288,522,6.736457208469801,42.855361511617645,ginir,et,60.55,87.0,43.0,4.7,7.13,40.7
289,524,14.287401132683485,56.89325042737326,salalah,om,75.2,64.0,0.0,3.36,17.02,54.09
290,525,25.200717799424197,-98.33961174710768,san fernando,mx,83.53,46.0,0.0,13.42,24.85,-98.15
291,528,43.06052149110923,12.74739642176803,foligno,it,64.0,87.0,93.0,3.36,42.94,12.7
292,531,45.78436894870194,-107.83302354483848,billings,us,72.0,24.0,40.0,14.99,45.78,-108.5
293,533,-14.734111103067434,55.191156467824726,antalaha,mg,69.87,89.0,52.0,4.36,-14.9,50.28
294,534,55.66031787035607,-91.70636787448326,sioux lookout,ca,37.4,59.0,90.0,3.36,50.1,-91.92
295,535,-32.10972336985152,165.00967776387103,ahipara,nz,63.93,55.0,17.0,2.77,-35.17,173.17
296,544,50.98617336982781,35.06882687613154,verkhnya syrovatka,ua,57.51,40.0,94.0,9.01,50.83,34.96
297,545,-10.934405633286687,-31.01756120471822,sao jose da coroa grande,br,75.43,82.0,46.0,10.4,-8.9,-35.15
298,548,26.48313272896361,-79.1940599605956,freeport,bs,82.4,83.0,75.0,10.29,26.53,-78.7
299,551,-3.2961862647304088,3.200961340576157,port-gentil,ga,77.0,88.0,40.0,4.7,-0.72,8.78
300,552,13.855404107028903,-15.04262313168411,kuntaur,gm,79.79,84.0,0.0,11.27,13.67,-14.88
301,558,42.75126461389692,-97.03301817158763,vermillion,us,60.8,31.0,20.0,9.17,42.78,-96.93
302,560,10.16043959556292,12.297139357908407,biu,ng,70.11,93.0,57.0,1.81,10.61,12.19
303,561,-1.823062429991424,-17.05176266320737,georgetown,sh,74.1,80.0,59.0,17.4,-7.93,-14.42
304,565,48.48380582387466,-117.39611379360932,fruitvale,ca,77.0,53.0,6.0,1.99,49.12,-117.55
305,566,27.000477489461773,-101.95699985655698,nadadores,mx,87.01,16.0,0.0,5.99,27.05,-101.6
306,568,61.68378422014305,79.77270251600055,strezhevoy,ru,44.6,93.0,95.0,6.71,60.73,77.59
307,569,-32.39883234156861,175.84330371921214,russell,nz,64.99,56.0,63.0,5.99,-35.26,174.12
308,572,0.7592511008392933,79.64095915731144,weligama,lk,79.07,83.0,100.0,11.83,5.97,80.42
309,573,36.89940183774533,60.85235774775384,sarakhs,ir,55.4,47.0,0.0,2.24,36.54,61.16
310,584,48.848089639440644,143.6242633599236,poronaysk,ru,51.67,79.0,100.0,9.82,49.22,143.12
311,587,23.717728731568812,103.10475166478687,kaiyuan,cn,65.37,88.0,17.0,3.53,23.7,103.3
312,588,30.08959652531115,-133.96820158256088,half moon bay,us,91.0,42.0,5.0,5.82,37.46,-122.43
314,594,70.05822020271603,-171.52448707840804,lavrentiya,ru,44.85,86.0,93.0,12.12,65.58,-171.0
315,599,65.07773402987627,-104.56679372960917,la ronge,ca,48.2,70.0,90.0,4.7,55.1,-105.28
316,600,6.762775956257769,128.01153287395817,san isidro,ph,77.0,94.0,90.0,2.24,15.02,120.82
317,601,17.639245144625804,77.29087749376043,homnabad,in,71.51,84.0,64.0,8.46,17.77,77.13
318,602,23.313713845301905,30.120420080604873,aswan,eg,89.31,24.0,73.0,9.01,24.09,32.91
319,604,57.23990601928287,39.32504252692786,ishnya,ru,41.0,100.0,100.0,4.76,57.19,39.36
320,605,-0.209118960610013,-42.40833896851535,tutoia,br,79.86,78.0,93.0,13.35,-2.76,-42.27
321,609,42.551601320204725,35.31902391498846,sinop,tr,56.1,71.0,0.0,7.11,41.77,34.87
322,613,66.83224146424493,-59.17513944773066,sisimiut,gl,33.44,93.0,100.0,14.29,66.94,-53.67
323,616,33.86687494639362,-10.40709553741334,asfi,ma,67.26,85.0,73.0,5.88,32.3,-9.24
324,618,-26.91675854850704,118.99594165712767,geraldton,au,48.2,93.0,40.0,6.93,-28.77,114.6
325,619,26.834698306897764,64.51349221431977,ormara,pk,85.05,54.0,0.0,10.49,25.21,64.64
326,622,54.82699841117193,152.62401675944557,sobolevo,ru,50.92,67.0,82.0,9.95,54.43,31.9
328,626,13.895274542090007,-96.54015156570274,pochutla,mx,80.6,78.0,90.0,5.66,15.74,-96.47
329,634,38.08116364429745,-98.9902875533127,great bend,us,75.2,23.0,1.0,23.04,38.36,-98.76
331,639,47.542840543207376,-115.49301681630502,sandpoint,us,73.99,46.0,1.0,3.36,48.28,-116.55
333,643,-68.08927138817415,-23.74569700635027,mar del plata,ar,46.4,67.0,40.0,17.22,-38.0,-57.56
334,648,1.89846850495384,32.858739513509704,apac,ug,64.45,91.0,42.0,3.67,1.98,32.54
336,650,-21.53734189609048,139.58753506323194,mount isa,au,80.6,22.0,0.0,13.87,-20.73,139.5
337,651,30.15508093527241,56.28894848669239,bardsir,ir,57.2,33.0,0.0,4.7,29.92,56.57
338,653,6.074903983605111,15.948761923090188,bouar,cf,65.68,97.0,99.0,0.81,5.93,15.6
339,662,67.10409279941157,45.80558410866004,mezen,ru,39.13,77.0,100.0,3.36,65.85,44.24
340,664,-7.885973356034057,40.887578531985184,kilindoni,tz,77.92,79.0,32.0,12.15,-7.91,39.67
341,668,20.978763661744438,112.09528408450973,yangjiang,cn,76.53,92.0,64.0,6.15,21.85,111.97
342,673,-23.835293593984417,102.63470650820454,carnarvon,au,62.6,63.0,75.0,18.34,-24.87,113.63
343,674,33.02464967468673,125.21826059272212,fukue,jp,72.1,74.0,62.0,3.78,32.69,128.84
344,676,39.61571450616523,-150.07099771279428,kodiak,us,51.8,81.0,90.0,17.22,57.79,-152.41
345,678,-19.47393207654055,112.43648795448826,karratha,au,69.98,52.0,17.0,18.34,-20.74,116.85
346,679,75.97908595868893,-10.836973905160846,husavik,is,32.0,86.0,100.0,2.24,66.04,-17.34
347,682,55.91226263403615,128.66225530318775,zeya,ru,45.79,88.0,100.0,5.3,53.75,127.27
348,684,-4.622874296602006,13.261068614679289,nkayi,cg,78.24,71.0,59.0,2.89,-4.18,13.29
349,685,50.78623438846941,121.35702913119815,genhe,cn,39.87,92.0,100.0,4.54,50.78,121.52
350,688,71.29143615317776,25.653047459564704,honningsvag,no,48.99,83.0,100.0,18.97,70.98,25.97
351,689,28.579459071034464,-24.241806684194444,los llanos de aridane,es,73.4,83.0,75.0,17.22,28.66,-17.92
352,690,45.219019219421284,77.56561288353754,ushtobe,kz,43.68,58.0,0.0,6.87,45.25,77.98
353,692,66.49640969692271,121.28407271956723,zhigansk,ru,29.39,97.0,100.0,22.3,66.77,123.37
354,693,-12.077060024285586,-48.12437693579466,parana,br,79.34,31.0,0.0,1.41,-24.0,-51.0
355,696,42.77386468153563,-104.27416296561651,torrington,us,55.0,89.0,21.0,1.88,41.8,-73.12
356,699,-23.181104453042735,-65.5338406036896,libertador general san martin,ar,80.01,36.0,25.0,4.76,-23.81,-64.79
357,702,44.985667896253915,6.894442298122357,briancon,fr,59.0,99.0,100.0,8.99,44.9,6.65
358,703,64.20703947551175,-126.04197120838015,norman wells,ca,59.0,47.0,90.0,11.41,65.28,-126.83
359,712,-16.9968931605397,167.36724037454968,lakatoro,vu,77.0,83.0,75.0,11.41,-16.1,167.42
360,716,14.133130309441725,101.37004723109663,prachin buri,th,76.39,92.0,100.0,2.42,14.05,101.37
362,722,6.774154157943187,12.966426533998401,tibati,cm,66.81,97.0,100.0,3.29,6.47,12.63
363,724,-27.315194762654457,-51.53163720791062,capinzal,br,77.41,62.0,71.0,2.64,-27.34,-51.61
364,725,-27.03252408076294,-48.93567466301462,brusque,br,75.0,94.0,75.0,4.7,-27.1,-48.92
365,726,-34.15013548326479,-66.84813115853756,san luis,ar,55.11,41.0,40.0,31.79,-33.3,-66.34
366,728,-4.727738613702158,154.36655399524477,panguna,pg,80.91,66.0,50.0,1.63,-6.32,155.48
367,730,13.006197998581229,-15.581830217212485,sedhiou,sn,76.6,88.0,2.0,6.44,12.71,-15.56
368,731,28.391644798954218,-66.41390605463587,hamilton,bm,79.0,83.0,40.0,11.41,32.29,-64.78
369,738,-22.46291178273013,27.764968515233875,mogapi,bw,63.3,85.0,75.0,15.86,-22.32,27.83
370,740,64.83178408524967,76.98285542559142,purpe,ru,44.01,94.0,100.0,13.38,64.48,76.69
371,741,72.47074970689025,142.29382552807374,deputatskiy,ru,21.54,87.0,52.0,7.36,69.3,139.9
372,743,42.56995535451398,97.03235632937373,yumen,cn,35.69,65.0,0.0,8.12,40.28,97.2
373,744,54.15144166297728,52.10125282138779,kamyshla,ru,51.03,84.0,6.0,3.02,54.12,52.14
374,748,57.47757675867746,21.653021710911162,ventspils,lv,53.6,81.0,43.0,5.82,57.39,21.56
376,758,46.05572387841784,-60.56363613849727,sydney mines,ca,59.0,100.0,90.0,3.36,46.24,-60.22
377,760,61.851875114081935,116.53239976973765,suntar,ru,26.08,92.0,25.0,6.82,62.14,117.63
378,761,6.972899731873937,-94.13067948140203,champerico,gt,73.4,100.0,90.0,9.17,14.3,-91.92
379,762,72.99494647153543,174.37156415624418,komsomolskiy,ru,62.65,63.0,100.0,11.68,43.98,46.7
380,764,21.957607952906343,3.7643059929219476,tessalit,ml,89.15,24.0,27.0,11.5,20.2,1.01
381,765,31.199869215900264,-126.40887941899601,lompoc,us,87.8,33.0,1.0,14.99,34.64,-120.46
382,767,49.56910118846881,-68.63318879266365,chute-aux-outardes,ca,46.4,93.0,90.0,1.92,49.12,-68.4
383,775,59.36306280248624,-113.01853695101984,hay river,ca,51.8,76.0,40.0,6.93,60.82,-115.8
384,778,10.515151711869265,46.61936747198686,berbera,so,84.15,80.0,8.0,12.33,10.44,45.01
385,779,-14.519097705199243,48.043078047136675,antsohihy,mg,71.28,95.0,39.0,3.02,-14.88,47.99
386,787,-7.371427442845899,3.2769318170754502,gamba,ga,77.18,80.0,73.0,4.7,-2.65,10.0
387,788,43.13138361767227,-84.95920487262485,ionia,us,50.0,53.0,90.0,3.36,42.99,-85.07
388,790,28.79850837200621,50.302763540528645,bushehr,ir,82.99,68.0,0.0,5.03,28.97,50.84
389,797,-40.88609444384737,-34.98123456876459,laguna,br,67.95,96.0,93.0,16.46,-28.48,-48.78
390,801,22.132828442971075,-102.34936928504084,pabellon de hidalgo,mx,77.0,13.0,5.0,12.75,22.17,-102.35
392,805,67.59348735871959,-143.25952632438143,fairbanks,us,64.4,31.0,40.0,13.87,64.84,-147.72
393,806,52.30967757769986,-24.01721539109778,grindavik,is,41.0,86.0,75.0,8.05,63.84,-22.43
394,808,50.061451590428504,-129.69767904285362,port hardy,ca,59.0,87.0,20.0,2.24,50.7,-127.42
395,812,-0.934917164182167,-82.45074652496291,manta,ec,78.8,69.0,20.0,11.41,-0.95,-80.73
396,816,-13.647988120060887,154.59866168381592,samarai,pg,78.82,86.0,99.0,18.43,-10.62,150.67
397,817,49.223133950601664,-140.5957854708417,sitka,us,57.2,93.0,90.0,17.22,57.05,-135.33
398,819,34.8955346204299,134.0093811209831,tsuyama,jp,72.0,88.0,75.0,2.24,35.05,134.0
399,820,36.30540502651709,114.93232949238279,handan,cn,61.0,35.0,81.0,4.45,36.6,114.47
400,824,41.2374002953313,-1.9985658178140966,calatayud,es,55.4,47.0,16.0,4.7,41.35,-1.64
401,826,63.54485064427266,-12.325955580233739,hofn,is,45.66,85.0,100.0,11.23,64.25,-15.21
402,829,64.39410388004481,55.249355973626564,nizhniy odes,ru,38.08,77.0,37.0,8.72,63.64,54.86
403,831,-33.86506349735031,24.14394491057061,kruisfontein,za,57.99,92.0,100.0,5.99,-34.0,24.73
404,836,15.622259095771668,-57.40088664615364,bathsheba,bb,77.0,88.0,75.0,23.04,13.22,-59.52
405,837,-16.612742679117275,-56.625249601558366,pocone,br,90.36,28.0,22.0,4.43,-16.26,-56.62
406,839,16.22081682470298,88.65167532868026,puri,in,77.0,100.0,90.0,4.7,19.8,85.85
407,841,-4.927970260183216,122.07719655099328,katobu,id,78.91,73.0,49.0,6.71,-4.94,122.53
408,842,13.209386276369756,-75.52560476594422,puerto colombia,co,84.2,79.0,40.0,4.7,10.99,-74.95
409,845,28.963351357300226,9.863388673239342,nalut,ly,81.68,16.0,17.0,11.56,30.33,10.85
410,846,54.23497988079768,150.01661208176535,magadan,ru,47.62,65.0,8.0,2.01,59.57,150.8
411,848,-32.018314172346905,138.0158500678989,port augusta,au,78.8,21.0,67.0,16.11,-32.5,137.77
412,849,15.232246739805234,107.59793987051137,kon tum,vn,69.75,93.0,99.0,1.39,14.35,108.0
413,851,55.444102922786755,51.69373218072337,nizhnekamsk,ru,44.6,87.0,11.0,6.71,55.64,51.82
414,852,13.249780242583071,119.39802241012165,tagbac,ph,75.2,100.0,40.0,3.36,7.09,125.16
415,855,49.882830048491456,-72.42800515435222,albanel,ca,46.4,70.0,75.0,4.7,48.88,-72.45
416,859,48.19950506500632,87.43039478898095,altay,cn,33.96,79.0,0.0,1.83,47.87,88.12
417,861,-26.260503846196336,69.1342973391933,bambous virieux,mu,68.0,88.0,20.0,5.82,-20.34,57.76
418,864,73.0136518581032,165.1598249368434,bilibino,ru,26.85,86.0,75.0,1.16,68.05,166.44
419,868,43.875675617283804,43.04164271609807,etoka,ru,59.0,72.0,75.0,8.95,43.92,43.05
420,869,39.78038488347508,43.90668724714166,igdir,tr,62.6,48.0,20.0,9.17,39.92,44.05
422,880,-6.850664690890781,-64.8039970384964,labrea,br,83.88,56.0,79.0,4.09,-7.26,-64.8
423,882,-32.45804411988138,148.96851851488327,wellington,au,60.8,67.0,0.0,5.82,-32.55,148.95
424,883,65.2061787466761,-36.46584743070912,tasiilaq,gl,37.4,64.0,100.0,17.22,65.61,-37.64
425,887,26.012454265737716,-156.56575049209889,wahiawa,us,86.0,70.0,90.0,4.7,21.5,-158.02
426,894,49.06037871997151,-115.06102556970035,fernie,ca,69.8,40.0,5.0,8.05,49.5,-115.07
427,895,57.226025244543564,12.56292453542386,kinna,se,55.99,76.0,75.0,12.75,57.51,12.69
428,896,-9.275719981704981,162.02834356998744,kirakira,sb,84.34,66.0,26.0,8.59,-10.45,161.92
430,901,46.30800038324736,14.345025532639966,trzic,si,55.99,93.0,40.0,2.91,46.36,14.31
431,902,65.11524448712316,120.5449559979271,verkhnevilyuysk,ru,27.01,91.0,25.0,8.32,63.45,120.32
432,903,-39.79032091411624,146.543944052857,devonport,au,64.0,76.0,44.0,1.01,-41.17,146.35
433,905,-10.44220284866475,30.0315595249522,luwingu,zm,64.18,44.0,5.0,4.59,-10.26,29.93
434,906,54.861983744428954,-5.013594534659802,stranraer,gb,48.99,70.0,75.0,6.93,54.9,-5.03
435,907,-0.17193892254965704,-112.25150716994185,lazaro cardenas,mx,84.87,74.0,0.0,8.43,17.96,-102.2
436,912,46.938168590133074,47.88187869060056,aksarayskiy,ru,53.6,62.0,29.0,11.18,46.79,48.01
437,913,31.527260573100918,-113.72607646478426,puerto penasco,mx,89.01,73.0,0.0,7.0,31.32,-113.53
438,915,61.04691114464592,95.22893948251607,baykit,ru,32.05,96.0,100.0,5.32,61.67,96.37
439,917,54.00212603995243,-16.601156611129227,dingle,ie,50.97,72.0,77.0,14.32,52.14,-10.27
441,927,-13.002471416700217,-53.11096866853808,sao miguel do araguaia,br,88.47,18.0,29.0,3.33,-13.28,-50.16
442,932,62.74169841683835,-30.24925411352632,olafsvik,is,43.23,77.0,86.0,7.74,64.89,-23.71
444,934,43.05135072570556,-71.69091182138847,weare,us,52.0,94.0,56.0,3.85,43.09,-71.73
445,937,-28.962082358350628,175.67778219614638,kaeo,nz,64.99,56.0,65.0,5.99,-35.1,173.78
447,942,25.05685200976214,83.66455549069445,bhabua,in,76.86,75.0,86.0,1.5,25.05,83.62
448,943,63.62953026788247,-62.03120144089898,pangnirtung,ca,32.0,85.0,40.0,10.29,66.15,-65.71
450,946,-29.02627341003688,119.98785102408499,northam,au,41.0,93.0,40.0,4.7,-31.67,116.67
452,949,44.36914304026729,76.67907542804323,boralday,kz,41.0,52.0,40.0,4.47,43.36,76.86
453,951,31.18791696177557,13.919725003723727,bani walid,ly,82.74,35.0,95.0,11.21,31.76,13.99
454,956,-25.256148922138536,-48.890522851384134,campina grande do sul,br,81.0,60.0,57.0,2.3,-25.31,-49.06
458,968,-18.309498603294827,17.975134290697696,tsumeb,na,72.3,19.0,24.0,10.58,-19.23,17.72
459,969,22.049235417438965,67.5835557778104,dwarka,in,81.45,77.0,1.0,10.02,22.24,68.97
460,970,-34.9455712257705,-55.82425147169164,paso de carrasco,uy,48.2,61.0,75.0,17.22,-34.86,-56.05
461,971,17.017919766397895,104.40522579747159,sakhon nakhon,th,74.93,90.0,100.0,3.83,17.16,104.15
462,972,-8.189296542062422,43.7770548133,mitsamiouli,km,76.41,83.0,20.0,6.04,-11.38,43.28
463,974,61.216181538911655,168.30730609210082,tilichiki,ru,38.07,71.0,0.0,19.13,60.47,166.1
464,975,48.892193574016204,-95.0199920910967,kenora,ca,37.4,64.0,90.0,5.82,49.82,-94.43
465,980,-41.40116475070488,173.69183402787627,havelock,nz,63.0,52.0,56.0,5.99,-41.28,173.77
467,988,61.418392686350074,49.24595777967082,zheshart,ru,41.81,96.0,8.0,5.03,62.07,49.57
468,990,58.85072264839894,88.09743819418253,teguldet,ru,40.37,94.0,100.0,9.06,57.31,88.17
470,995,25.14496717202097,109.8968918300593,guilin,cn,75.2,100.0,75.0,0.98,25.28,110.29
471,996,1.8996229049641613,106.86421525444905,pemangkat,id,77.68,88.0,95.0,6.53,1.17,108.97
472,997,38.83991125664454,131.15718004508102,khasan,ru,55.17,67.0,58.0,7.67,42.43,130.64
473,1009,57.263762119463706,-130.47779147859345,ketchikan,us,62.6,88.0,90.0,6.93,55.34,-131.65
474,1012,6.899009699995901,80.68048914008699,talawakele,lk,63.68,99.0,98.0,4.36,6.94,80.66
475,1014,2.8068766487371732,156.1358898768445,namatanai,pg,83.12,65.0,68.0,4.99,-3.67,152.43
476,1016,20.27392208947525,79.34009837845508,durgapur,in,78.39,89.0,97.0,2.15,23.48,87.32
477,1021,64.06146697284558,-50.431907734431746,nuuk,gl,35.6,95.0,99.0,4.7,64.18,-51.72
478,1022,-0.05840130768680751,28.704017921510882,butembo,cd,56.39,97.0,18.0,1.83,0.15,29.28
479,1023,70.93634098082481,24.417503485027083,havoysund,no,51.8,76.0,99.0,26.4,71.0,24.66
480,1024,-3.5780303045501682,11.9661618224562,loubomo,cg,72.0,88.0,47.0,4.79,-4.2,12.67
481,1029,12.213102130371993,-2.097198028148142,gouloure,bf,80.6,83.0,20.0,5.82,12.23,-1.93
482,1034,-15.012307217759712,-144.96450574485473,tautira,pf,84.2,62.0,75.0,4.7,-17.73,-149.15
483,1035,26.08976176303308,132.1089011510926,naze,jp,78.8,69.0,20.0,12.75,28.37,129.48
484,1038,15.313456658175852,116.07522215948393,aloleng,ph,82.09,78.0,94.0,4.63,16.13,119.78
485,1040,48.43317025563462,29.609795738918137,viytivka,ua,56.01,76.0,10.0,7.16,48.43,29.54
486,1044,-3.5562248024867955,164.15596059240875,auki,sb,84.96,56.0,28.0,3.4,-8.77,160.7
487,1050,59.427389987123576,71.59330943794461,salym,ru,47.91,88.0,100.0,7.96,60.06,71.48
488,1052,55.193016096536496,106.67768698883856,magistralnyy,ru,25.43,93.0,0.0,3.96,56.17,107.45
489,1055,14.747089930484833,-102.27432032469588,petatlan,mx,91.4,59.0,40.0,11.41,17.52,-101.27
490,1057,72.41016288953358,19.329741723477554,tromso,no,44.6,87.0,12.0,25.28,69.65,18.96
491,1059,59.814588939384265,123.90110869188896,nizhniy kuranakh,ru,33.15,93.0,97.0,5.77,58.84,125.49
492,1060,-2.6714756958344026,-25.2010717016301,natal,br,77.0,83.0,44.0,9.17,-5.79,-35.21
493,1061,-29.90763386318472,-58.03404176270942,bella union,uy,58.78,78.0,100.0,19.84,-30.28,-57.6
494,1064,9.67312855930247,101.11715887421644,ko samui,th,78.8,88.0,20.0,4.7,9.54,99.94
495,1066,54.4406772900723,68.46650737836109,mamlyutka,kz,46.06,70.0,5.0,8.63,54.94,68.54
496,1070,64.01317939560457,62.928248383128164,igrim,ru,45.5,68.0,98.0,11.65,63.19,64.42
497,1079,39.94140625762992,57.74616306999823,baherden,tm,56.86,34.0,0.0,4.9,38.44,57.43
499,1084,-19.792072242705217,-26.64513662208259,caravelas,br,74.41,79.0,78.0,8.84,-17.71,-39.25
500,1089,56.13629599181354,-102.18610059113313,flin flon,ca,46.4,75.0,75.0,2.24,54.77,-101.86
501,1092,35.28748612185218,-91.72085685093296,searcy,us,68.0,37.0,1.0,5.82,35.25,-91.74
502,1095,46.409947379379844,97.36089603694239,kungurtug,ru,17.55,91.0,0.0,1.61,50.6,97.52
503,1096,6.588555844576803,79.84778262791849,kalutara,lk,82.4,83.0,40.0,9.17,6.58,79.96
504,1103,45.38808087957969,-90.77307446196706,chippewa falls,us,46.4,52.0,90.0,5.82,44.94,-91.39
505,1106,57.181656872714655,28.417315295734596,ostrov,ru,55.4,62.0,80.0,4.47,57.34,28.35
506,1109,17.540170468908954,-99.53104288983573,chilpancingo,mx,70.36,58.0,6.0,4.12,17.55,-99.5
507,1111,-39.16847806535187,-43.23322835355671,rio grande,br,55.99,91.0,100.0,17.29,-32.03,-52.1
508,1112,-28.447920555852676,22.653073037369637,kathu,za,45.0,44.0,0.0,8.25,-27.7,23.05
509,1113,63.07788688987023,124.21668321293123,kysyl-syr,ru,27.32,91.0,41.0,7.94,63.9,122.76
510,1116,50.23746943478929,99.73649181769531,moron,mn,24.37,84.0,0.0,12.46,47.38,110.32
511,1117,12.899870882120055,-81.85786890371023,san andres,co,86.0,70.0,40.0,5.82,12.58,-81.7
512,1118,5.163850450674957,1.8913957327205821,aneho,tg,78.8,83.0,20.0,9.17,6.23,1.6
513,1119,-18.90190567507993,-68.17840845045079,poopo,bo,54.63,51.0,83.0,16.04,-18.37,-66.97
514,1120,-17.736444137330693,142.37169859649043,atherton,au,73.99,68.0,57.0,10.0,-17.27,145.48
515,1121,41.44473929177428,-87.86501792647398,frankfort,us,60.8,48.0,40.0,4.7,38.2,-84.87
517,1126,71.19432004721375,14.11478468444696,stokmarknes,no,48.99,87.0,0.0,1.01,68.56,14.91
518,1130,24.09385444444449,-101.91744456119095,concepcion del oro,mx,66.88,25.0,0.0,13.35,24.63,-101.42
519,1133,35.35362938962952,-71.74119509935579,virginia beach,us,66.0,76.0,0.0,9.84,36.85,-75.98
520,1135,28.844457248496923,29.233643015740427,matay,eg,73.04,68.0,0.0,10.2,28.42,30.78
522,1137,10.74164918219384,119.80770821957333,calawag,ph,80.8,83.0,49.0,2.26,10.67,119.57
523,1139,-35.6185507406348,-59.913192339285914,veinticinco de mayo,ar,53.01,60.0,42.0,11.01,-35.43,-60.17
524,1141,-25.393619835869515,119.09134519283828,roebourne,au,72.32,43.0,18.0,17.29,-20.78,117.13
525,1142,16.805992725365513,-58.70892461704912,saint-francois,gp,77.0,94.0,100.0,3.36,16.25,-61.27
526,1149,-7.837152835019438,32.43104998611469,laela,tz,64.94,54.0,13.0,4.29,-8.57,32.05
527,1152,10.517180657701175,-21.874483751079254,praia,cv,80.6,78.0,47.0,21.92,14.92,-23.51
528,1155,13.201542538328752,45.38150703671482,lahij,ye,76.71,79.0,1.0,7.47,13.17,44.58
529,1158,6.422475855453371,130.94681004230966,kloulklubed,pw,75.2,94.0,90.0,6.93,7.04,134.26
530,1159,18.772036072466477,79.09373165427394,lakshettipet,in,75.52,82.0,100.0,4.68,18.87,79.22
532,1163,-24.375340598145982,29.989386871337103,lebowakgomo,za,57.2,93.0,90.0,14.99,-24.2,29.5
533,1166,28.02462979738337,23.051621908035486,jalu,ly,83.46,31.0,0.0,11.61,29.03,21.55
535,1174,35.32691882572314,-111.38058009722424,flagstaff,us,80.6,6.0,5.0,4.99,35.2,-111.65
536,1175,-17.024067274179444,129.21993921834786,kununurra,au,80.6,83.0,71.0,3.36,-15.77,128.73
540,1192,-12.584040240322423,147.63410610382203,port moresby,pg,77.0,88.0,40.0,17.22,-9.44,147.18
541,1193,23.368106163742766,-106.82699437956677,mazatlan,mx,90.0,70.0,5.0,12.75,23.22,-106.42
542,1194,63.66833429647477,154.99966438860713,dukat,ru,35.92,79.0,0.0,2.59,62.55,155.55
543,1197,-9.70578665952847,36.84329509044011,mahenge,tz,65.77,84.0,6.0,4.32,-8.68,36.72
544,1203,14.217876029093375,102.30406631912814,soeng sang,th,74.21,92.0,100.0,2.26,14.43,102.46
545,1211,-24.828208231835717,148.5099022905768,blackwater,au,74.1,57.0,11.0,13.02,-23.58,148.88
547,1216,-29.615003712557012,143.3419423150134,broken hill,au,73.4,27.0,7.0,17.22,-31.95,141.43
548,1219,-11.756868637991417,7.786961384268039,namibe,ao,63.45,79.0,98.0,4.68,-15.2,12.15
549,1223,9.789391967627239,39.67372149763975,debre sina,et,51.06,84.0,58.0,3.22,9.85,39.77
550,1224,-25.74083148949596,-59.1969264440948,formosa,ar,75.2,73.0,100.0,18.34,-26.18,-58.18
551,1226,33.631280107330625,73.4938606431428,kahuta,pk,68.0,72.0,0.0,4.7,33.59,73.39
552,1233,-19.723913747045444,-52.29363303063673,cassilandia,br,88.09,16.0,12.0,5.3,-19.11,-51.73
553,1238,64.23351828394169,38.448015439031735,onega,ru,44.2,94.0,2.0,5.77,63.91,38.14
554,1243,-8.184541586049889,8.541720525877963,soyo,ao,75.72,85.0,98.0,9.93,-6.13,12.37
555,1246,51.479539758571605,107.70248941874155,tarbagatay,ru,33.8,59.0,75.0,13.42,51.48,107.36
556,1247,58.81057180308602,-9.516465253384325,stornoway,gb,52.0,81.0,76.0,25.28,58.21,-6.39
557,1251,58.13934399008335,-128.98358935157285,terrace,ca,68.0,68.0,75.0,4.7,54.52,-128.6
558,1257,53.433907373411984,102.21020541775607,tyret pervaya,ru,26.2,92.0,0.0,2.53,53.67,102.31
561,1260,-10.697665939158838,170.645731385884,sola,vu,77.95,86.0,83.0,23.0,-13.88,167.55
562,1261,43.24454286667765,-103.53389248817065,rapid city,us,53.01,81.0,75.0,8.05,44.08,-103.23
563,1262,50.509033999309224,-103.96333467642867,indian head,ca,55.0,47.0,78.0,8.1,50.53,-103.67
564,1266,10.108324596464215,-60.84585612695521,rio claro,tt,82.4,78.0,20.0,3.36,10.3,-61.18
565,1267,11.10952344549571,-16.24922276805043,bubaque,gw,81.03,80.0,2.0,10.54,11.28,-15.83
566,1270,1.1227057962876756,160.16337656445086,kieta,pg,85.5,63.0,46.0,6.08,-6.22,155.63
567,1271,45.649199868946056,123.56064320016822,zhenlai,cn,45.93,65.0,2.0,13.15,45.85,123.3
568,1272,0.7236160740710034,-115.86121503693617,san patricio,mx,91.4,75.0,20.0,4.85,19.22,-104.7
569,1273,44.66757425906812,29.751957081382926,sfantu gheorghe,ro,48.99,90.0,49.0,2.64,45.87,25.78
570,1277,64.67536040200991,177.2341962904252,anadyr,ru,37.4,93.0,75.0,11.18,64.75,177.48
571,1279,-41.24015917100127,154.6621148707352,batemans bay,au,71.01,47.0,0.0,5.99,-35.72,150.18
572,1281,5.486112856104967,65.8301033324891,ugoofaaru,mv,81.75,77.0,85.0,13.82,5.67,73.0
574,1283,50.53629782242291,77.34376942300759,aksu,kz,32.0,67.0,10.0,2.24,52.03,76.92
575,1287,73.09786850392183,67.07511039606658,sovetskiy,ru,48.24,76.0,79.0,9.28,61.36,63.58
577,1292,-2.255191267828593,124.17087032717296,luwuk,id,79.16,78.0,100.0,7.36,-0.95,122.79
578,1293,53.53193562036901,107.86449637498333,khuzhir,ru,33.48,85.0,84.0,17.65,53.19,107.34
579,1298,4.015393950392095,-44.44886991862526,salinopolis,br,80.58,81.0,98.0,12.12,-0.61,-47.36
